User,First,Last
Doris ,Tibbetts,"Mishawaka, IN "
Cleo,Payne,"Turbotville, PA"
Michelle J.,Reyes,"Eddington, PA "
Sofia,Graves,"Norristown, DE"
Ann,Wilson,"West Roxbury, MA "
June,Finch,"Midland, TX"
Wendy,Camacho,"Portland, OR"
Stacie,Saunders,"Tracy, CA"
Margaret,Martin,"Santa Monica, CA"
Elma,Smith,"Cincinnati, OH"
Rose,Thompson,"Dublin, OH"
Amy,Wall,"Dulson, LA"
Birdie,Howell,"Red Bank, NJ"
Vera,Webb,"Miami, FL"
Christine,Scmidt,"Cayuga, TX"
Katy,Blume,"Summerville, SC"
Elsie,Ham,"Bowie, MD"
Jessica,Castille,"Phoenix, AZ"
Betty,Stuart,"West Palm Beach, FL"
Gayle,Charley,"Newark, NJ"
Terry,Brown,"Greensboro, NC"
Clara,Wasson,"Owensville, IN"
Marie,Durrant,"Buffalo, NY "
Kimberly,Johnson,"Alhambra, CA"
Andrea,Day,"Columbus, OH "
Deboarah,Mixson,"Baltimore, MD"
Robert,McGuire,"Cambridge, NE"
Mariah,Ramey,"Lampasas, TX"
Dionne,Scruggs,"Roseville, MI"
Pearl,Clay,"Mclean, VA "
Meredith,Phillips,"Chesnee, SC"
Paula,Lay,"Lubbock, TX"
Bevery,Short,"Florence, KS"
Tanya,Salvaggio,"Waco, TX"
Faith,Jenkins,"New Orleans, LA"
Jiang,Hsia,"Huntington Beach, CA"
Chyou,Lung,"Portland, OR"
CÃ¡ndice,Qunitero,"Cedar Rapids, IA"
Marumi,Yamagishi,"Cleveland, OH"
Lola,Walsh,"East Lansing, MI"
Sophie,Tucker,"Scranton, SD"
Charlotte,Winter,"American Fork, UT"
Maja,Lind,"South Bend, IN"
Amy,Earsman,"North Custer, MT"
Lilian,Addock,"Edgewood, MD"
Savvanah,Claire,"Monterey, TN"
Na'ima,Shamon,"Lombard, IL"
Isabella,Yevdokimova,Yevdokimova
Stephanie,Hamilton,"Boston, MA"